{
  "f1_scores": [
    0.98796992481203,
    0.9856675886346492,
    0.9892257579553997,
    0.9874686716791979,
    0.983911513323278
  ],
  "f1_mean": 0.9868486912809109,
  "roc_scores": [
    0.99906025,
    0.99839675,
    0.9990642500000001,
    0.9985487500000001,
    0.99857
  ],
  "roc_mean": 0.9987280000000001
}