Model,Accuracy,Precision,Recall,F1
Logistic Regression,0.98375,0.9898734177215189,0.9775,0.9836477987421384
LinearSVC,0.9915,0.9939698492462311,0.989,0.9914786967418546
